Imie,Nazwisko,Email,Stopien_Naukowy,Przedmiot
Kristina,Lopez,jacksondenise@example.net,Magister,Historia
Debra,Huffman,jessicalarson@example.net,Magister,Chemia
Donna,Mitchell,michealmercer@example.net,Profesor,Geografia
Sean,Russo,wmalone@example.org,Doktor,Fizyka
John,Nelson,randy91@example.com,Profesor,Chemia
Gregory,Hart,paulcampbell@example.org,Doktor,Jezyk angielski
Kevin,Byrd,lisawyatt@example.com,Magister,Matematyka
Nichole,Bailey,gutierrezstephen@example.com,Profesor,Informatyka
Nicole,Tucker,whitetanya@example.net,Doktor,Fizyka
Derek,Williams,jenna73@example.org,Doktor,Informatyka
Alex,Casey,kdavis@example.org,Doktor,Matematyka
Rebecca,Williams,alexandernguyen@example.org,Doktor,Geografia
Michael,Howard,jordan75@example.com,Profesor,Jezyk polski
Michael,Reese,bellandrew@example.org,Profesor,Matematyka
Gloria,Schmitt,stefaniefox@example.org,Doktor,Jezyk polski
Jacob,Taylor,jonesjennifer@example.net,Profesor,Biologia
Jessica,Brown,larsondiane@example.com,Doktor,Jezyk angielski
Xavier,Ross,caroline89@example.org,Profesor,Historia
Anthony,Rogers,brandtstacey@example.net,Profesor,Jezyk angielski
Kristie,Aguilar,johnwatson@example.com,Doktor,Matematyka
Alexandra,Smith,jodi67@example.net,Magister,Geografia
Andrew,Douglas,michaelmills@example.net,Doktor,Jezyk angielski
Chad,Berry,joshua35@example.com,Doktor,Geografia
Leslie,Strickland,john54@example.com,Magister,Historia
Vicki,Wiley,michael98@example.org,Profesor,Jezyk angielski
Eric,Miller,laura91@example.com,Magister,Biologia
Jennifer,Stone,jonesjennifer@example.com,Doktor,Jezyk angielski
John,Davidson,sullivanpeter@example.com,Magister,Historia
Jeffrey,Lester,stevenmartin@example.org,Magister,Chemia
Bryan,George,morrowbelinda@example.com,Doktor,Geografia
Heidi,Hernandez,lisawest@example.org,Magister,Historia
Kristina,Gilbert,davidpage@example.net,Magister,Chemia
Jennifer,Davis,danielkramer@example.net,Profesor,Geografia
Richard,Roman,lindseytrevino@example.org,Magister,Wiedza o spoleczenstwie
Sheryl,Jenkins,gailmack@example.org,Doktor,Informatyka
Frank,Sims,ysullivan@example.org,Doktor,Biologia
Charles,Zimmerman,hobbsjeffrey@example.com,Magister,Informatyka
Tyler,Morales,hpruitt@example.net,Magister,Biologia
Denise,Harding,bryan72@example.net,Magister,Informatyka
Adrian,Gardner,ddavis@example.com,Profesor,Geografia
David,Rogers,michellewells@example.com,Profesor,Jezyk polski
Jeff,Gutierrez,james28@example.org,Doktor,Jezyk angielski
Sarah,Wolfe,michael95@example.net,Profesor,Geografia
Micheal,Vasquez,deborah99@example.net,Profesor,Matematyka
Sarah,Edwards,jennifer88@example.com,Doktor,Biologia
Alexandria,Brandt,lewisjillian@example.net,Doktor,Chemia
Timothy,Porter,diane64@example.net,Magister,Biologia
Holly,Whitaker,esilva@example.com,Doktor,Fizyka
Chelsea,Cabrera,gonzalezpatrick@example.net,Profesor,Biologia
Angela,Price,robert49@example.org,Profesor,Informatyka
